name,id
Aristotle,1
Xenos,2
Walker,3
Dolan,4
Hamish,5
Nicholas,6
Bruno,7
Ezekiel,8
Amos,9
Stuart,10
Ulric,11
Alec,12
Cain,13
Addison,14
Sawyer,15
Branden,16
Jason,17
Ivan,18
Colorado,19
Lionel,20
Charles,21
Jermaine,22
Callum,23
Hayden,24
Flynn,25
Reed,26
Jamal,27
Chase,28
Zeph,29
Ethan,30
Stewart,31
Harrison,32
Yardley,33
Zephania,34
Grady,35
Ashton,36
Lars,37
Honorato,38
Cody,39
Macon,40
Donovan,41
Daquan,42
Hilel,43
Ezra,44
Jonah,45
Blaze,46
Odysseus,47
Arthur,48
Brennan,49
Grant,50
Tucker,51
Matthew,52
Luke,53
Jacob,54
Merritt,55
Tanek,56
Linus,57
Seth,58
Orson,59
Paki,60
Armando,61
Kamal,62
Kato,63
Craig,64
Berk,65
Blake,66
Daniel,67
Nissim,68
Kennan,69
Hamilton,70
Deacon,71
Lee,72
Conan,73
Ignatius,74
Damon,75
Ethan,76
Kirk,77
Gregory,78
Rigel,79
Colton,80
Brian,81
Owen,82
Stewart,83
Tyler,84
Armando,85
Lucius,86
Lionel,87
Ferris,88
Ferris,89
Reuben,90
Allistair,91
Forrest,92
Gregory,93
Graham,94
Quamar,95
Phillip,96
Keaton,97
Stone,98
Lionel,99
Vincent,100